model,score_test,score_val,pred_time_test,pred_time_val,fit_time_marginal,fit_order,Target
Naive,-0.8777683253857517,-1.5022455449961851,0.0901131629943847,0.0894203186035156,0.1492486000061035,1,SC11
RecursiveTabular,-0.9801053783297964,-1.7590508775842304,0.0468001365661621,0.0423595905303955,0.6034245491027832,2,SC11
DynamicOptimizedTheta,-1.064408241444333,-1.3793575167841272,0.1848835945129394,0.141019582748413,0.6341662406921387,4,SC11
Chronos[autogluon__chronos-bolt-small],-1.067125697784168,-1.5131586168678794,1.9183874130249023,0.0322916507720947,12.59502363204956,7,SC11
DirectTabular,-1.0734332085396572,-1.1357405715385105,0.0860779285430908,0.0642051696777343,0.7099699974060059,3,SC11
WeightedEnsemble,-1.0751222417572508,-1.1084908498969108,0.5335788726806641,0.599945068359375,2.3075547218322754,11,SC11
AutoETS,-1.129863644075708,-1.4261782265880958,0.2343058586120605,0.2087185382843017,0.2667663097381592,5,SC11
AutoARIMA,-1.21353554677401,-1.765571039504278,32.1821928024292,37.846943616867065,31.868507385253903,6,SC11
PatchTST,-1.5149199320810325,-1.2178908396036403,0.1687755584716797,0.3052999973297119,41.20133757591248,10,SC11
TemporalFusionTransformer,-2.3044219837563253,-1.8839240086339049,0.1903679370880127,0.0813028812408447,67.67713928222656,8,SC11
DeepAR,-3.263668854305525,-2.4435148758955214,0.0738439559936523,0.0530760288238525,144.0744788646698,9,SC11
RecursiveTabular,-0.5070227025337714,-0.532629574313179,0.0805780887603759,0.0440714359283447,0.6297156810760498,2,SC12
WeightedEnsemble,-0.5277067787718568,-0.4770400352972778,3.339884996414185,0.3886628150939941,0.9041979312896729,11,SC12
Chronos[autogluon__chronos-bolt-small],-0.556513714129502,-0.5105176795472373,2.5070719718933105,0.0347659587860107,12.499820947647097,7,SC12
Naive,-0.5995604864239334,-0.4965471406885771,0.1606385707855224,0.0900678634643554,0.1486947536468505,1,SC12
DynamicOptimizedTheta,-0.623635611662719,-0.6812547942950364,0.5878331661224365,0.2197575569152832,0.7414515018463135,4,SC12
AutoETS,-0.6301842527356569,-0.6149179586627095,0.4433915615081787,0.2186899185180664,0.2721452713012695,5,SC12
PatchTST,-0.6829463520592964,-0.6840637026793912,0.254249095916748,0.0832061767578125,97.50717949867249,10,SC12
AutoARIMA,-0.737221538262788,-0.7045133844955799,37.99587655067444,41.219465017318726,39.91146922111511,6,SC12
DeepAR,-0.8423650942248948,-0.92726955397152,0.1170258522033691,0.0628430843353271,140.16552019119263,9,SC12
DirectTabular,-0.8799644037676543,-0.9538803947669388,0.073016881942749,0.0653159618377685,0.7015197277069092,3,SC12
TemporalFusionTransformer,-1.285583095248923,-0.9291408401373726,0.252810001373291,0.0643136501312255,94.12592458724976,8,SC12
WeightedEnsemble,-0.8690734743366485,-0.7193588929731958,0.4239969253540039,0.3388831615447998,0.9323318004608154,11,SC13
TemporalFusionTransformer,-0.880843502513698,-0.754780968448999,0.1545042991638183,0.0703139305114746,81.70453119277954,8,SC13
DeepAR,-1.0539225090188908,-0.8215646474633758,0.0683872699737548,0.0532677173614501,164.7511689662933,9,SC13
Chronos[autogluon__chronos-bolt-small],-1.0652574028875594,-0.8289489837437745,1.9135451316833496,0.0689303874969482,1.93128514289856,7,SC13
Naive,-1.1629033434677831,-0.8978179468978577,0.0879747867584228,0.1344783306121826,0.1774024963378906,1,SC13
RecursiveTabular,-1.1664782932629365,-0.9538056924475596,0.0532221794128418,0.0861401557922363,1.861008644104004,2,SC13
DynamicOptimizedTheta,-1.212929593535149,-0.9042624346639584,0.2135536670684814,0.5563452243804932,0.5162758827209473,4,SC13
AutoARIMA,-1.264535658544589,-1.036845667630334,25.278539896011356,30.968576192855835,33.71035289764404,6,SC13
PatchTST,-1.2840702087389957,-1.0144645507103491,0.1097321510314941,0.0808231830596923,121.83091020584106,10,SC13
AutoETS,-1.2874744494933077,-0.950713783501266,0.2094285488128662,0.5358705520629883,0.4330213069915771,5,SC13
DirectTabular,-1.363101337394886,-1.0431994440346803,0.0694944858551025,0.1325678825378418,2.5383005142211914,3,SC13
AutoETS,-0.8193136494632735,-0.8827649081366808,0.2082486152648925,0.2052693367004394,0.2777893543243408,5,SC14
DynamicOptimizedTheta,-0.8400127336306435,-0.955458925597148,0.1504440307617187,0.1806886196136474,0.2790887355804443,4,SC14
AutoARIMA,-0.903871655207398,-0.98480170132808,29.652058362960812,32.16494917869568,36.35173201560974,6,SC14
RecursiveTabular,-0.9039792271261716,-1.1011294034704946,0.0557432174682617,0.0442430973052978,1.1893341541290283,2,SC14
WeightedEnsemble,-0.9056686736239528,-0.7692503104931014,32.20893096923828,32.74342751502991,1.0045287609100342,11,SC14
DirectTabular,-0.9372061848023084,-0.8565191992072245,0.1008684635162353,0.0649018287658691,1.1099765300750732,3,SC14
Chronos[autogluon__chronos-bolt-small],-0.9562893461182316,-0.9078690109892956,1.9533913135528564,0.0361905097961425,2.842801570892334,7,SC14
PatchTST,-0.9691944018277138,-0.8361713596556228,0.1159205436706543,0.1209573745727539,74.7010452747345,10,SC14
DeepAR,-0.9992503163557792,-0.8426737960966184,0.0828893184661865,0.0570390224456787,76.12352418899536,9,SC14
Naive,-1.0203562270729447,-1.0190056293338077,0.0895493030548095,0.0941202640533447,0.1503868103027343,1,SC14
TemporalFusionTransformer,-1.1138304440746265,-0.8766929753332029,0.2030410766601562,0.0631105899810791,100.34397959709167,8,SC14
WeightedEnsemble,-0.211183094932891,-0.1973969526168443,3.406630277633667,0.5552613735198975,1.4199130535125732,11,SC21
AutoETS,-0.2524454651332417,-0.2086406254109,0.2905993461608886,0.2024445533752441,0.2562575340270996,5,SC21
Naive,-0.2533959019577048,-0.2094547824074976,0.0916728973388671,0.1180160045623779,0.2344224452972412,1,SC21
Chronos[autogluon__chronos-bolt-small],-0.2666467256883011,-0.3266928359335254,2.5228395462036133,0.0361497402191162,1.982936143875122,7,SC21
DirectTabular,-0.2773419228623744,-0.2319520615113913,0.0779263973236084,0.0639171600341796,1.3910605907440186,3,SC21
RecursiveTabular,-0.2966278873028724,-0.3530272198763663,0.1077299118041992,0.056455373764038,1.6648597717285156,2,SC21
DynamicOptimizedTheta,-0.3177430056822669,-0.3882476277154715,0.2431621551513672,0.166506290435791,0.2053041458129882,4,SC21
PatchTST,-0.3279104760821976,-0.242460155745255,0.2657549381256103,0.0862436294555664,129.07754492759705,10,SC21
AutoARIMA,-0.6413527438122518,-0.6012287714070741,35.724895000457764,35.52731800079346,35.26107358932495,6,SC21
TemporalFusionTransformer,-0.7181375152766805,-0.389672134566274,0.2248599529266357,0.0685970783233642,209.4102005958557,8,SC21
DeepAR,-1.0809505618527608,-0.432650868914883,0.1488871574401855,0.0506453514099121,59.431214809417725,9,SC21
AutoETS,-0.7656317512528674,-1.0170642336171922,0.2338123321533203,0.2312536239624023,0.2609388828277588,5,SC22
DynamicOptimizedTheta,-0.8022420532508369,-0.9199844944631732,0.2372698783874511,0.2387540340423584,0.2306451797485351,4,SC22
Chronos[autogluon__chronos-bolt-small],-0.8132766976661013,-0.8451319808209878,1.8818905353546145,0.0838122367858886,2.3785128593444824,7,SC22
PatchTST,-0.8204177175512347,-0.8244790031943352,0.1688754558563232,0.1575398445129394,73.4407286643982,10,SC22
WeightedEnsemble,-0.8238984925011568,-0.7400461335088449,29.71345996856689,29.05618119239807,0.8899061679840088,11,SC22
RecursiveTabular,-0.8915298349409729,-0.9980862528719818,0.051145315170288,0.0479590892791748,1.179760456085205,2,SC22
DirectTabular,-0.89338087241179,-1.2095678153588412,0.0736544132232666,0.0651843547821044,1.087519645690918,3,SC22
AutoARIMA,-0.9143675897735222,-1.1272881824150836,28.95443630218506,28.34420490264893,30.78172826766968,6,SC22
Naive,-0.926446371820512,-0.8753053439456026,0.089623212814331,0.1994149684906005,0.2394869327545166,1,SC22
TemporalFusionTransformer,-1.026096035322507,-0.892742952481008,0.1868982315063476,0.0641214847564697,96.85324215888976,8,SC22
DeepAR,-1.2600464225533587,-0.989386760773518,0.0712645053863525,0.0521459579467773,94.39654684066772,9,SC22
PatchTST,-0.5465004565877798,-0.8977188096013707,0.1646475791931152,0.1065678596496582,125.45451760292052,10,SC23
DynamicOptimizedTheta,-0.564102280019326,-0.90053909195449,0.1769251823425293,0.1990358829498291,0.2846159934997558,4,SC23
WeightedEnsemble,-0.5857960520026576,-0.6627586912657177,28.059393405914307,28.535900592803955,0.925861120223999,11,SC23
AutoETS,-0.5900645829653389,-0.9031702903550076,0.2421929836273193,0.2002286911010742,0.2633514404296875,5,SC23
RecursiveTabular,-0.5942339649411186,-0.9810075382946748,0.0486690998077392,0.0449075698852539,1.4708075523376465,2,SC23
Chronos[autogluon__chronos-bolt-small],-0.5958651118178501,-0.8450074743027904,1.8648264408111568,0.0373315811157226,1.932471513748169,7,SC23
Naive,-0.6840635716799282,-0.910673971222878,0.0927727222442627,0.1583859920501709,0.2649550437927246,1,SC23
DeepAR,-0.7180594011494952,-0.6813691217779512,0.0740692615509033,0.0545909404754638,74.64072489738464,9,SC23
AutoARIMA,-0.8204919128783461,-0.9486575495122204,27.77733540534973,28.367146730422974,27.582738637924194,6,SC23
TemporalFusionTransformer,-0.974987368303394,-0.8931839645872437,0.2054316997528076,0.1141629219055175,83.70745348930359,8,SC23
DirectTabular,-1.04892593462276,-1.0299801644683275,0.0746128559112548,0.0964541435241699,1.0834660530090332,3,SC23
WeightedEnsemble,-1.2084253523863768,-1.3346934116039846,0.5157303810119629,0.2479746341705322,0.9521124362945556,11,SC24
DirectTabular,-1.2127773282815455,-1.499512534535696,0.0750544071197509,0.0662875175476074,1.0466105937957764,3,SC24
PatchTST,-1.2458868241591017,-1.3576444552180875,0.1863195896148681,0.0941298007965087,163.17591094970703,10,SC24
AutoETS,-1.2493159632313209,-1.5856307403900174,0.2235872745513916,0.2063562870025634,0.2685286998748779,5,SC24
TemporalFusionTransformer,-1.2959076423132494,-1.40960550367982,0.2375848293304443,0.0658013820648193,86.4924099445343,8,SC24
DynamicOptimizedTheta,-1.3120035037055315,-1.5205242040527698,0.2017295360565185,0.3426682949066162,0.2631449699401855,4,SC24
Chronos[autogluon__chronos-bolt-small],-1.3959427880785038,-1.5439112043146626,1.901155948638916,0.0683743953704834,2.502581834793091,7,SC24
Naive,-1.531155837838833,-1.6234278703654454,0.0892822742462158,0.0880434513092041,0.1520736217498779,1,SC24
AutoARIMA,-1.5360464658349609,-1.7046485261733944,29.909773588180546,31.817863702774048,37.65508365631104,6,SC24
RecursiveTabular,-1.5429686688899729,-1.6434515750131655,0.0492269992828369,0.04319429397583,0.9887938499450684,2,SC24
DeepAR,-1.8105552435168788,-1.5849592560570858,0.074892520904541,0.0697369575500488,82.81749367713928,9,SC24
WeightedEnsemble,-0.4693063107885131,-0.3891199473788311,3.3813278675079346,0.6487877368927002,0.9401199817657472,11,SC31
DynamicOptimizedTheta,-0.4775837925644385,-0.4631894050129567,0.4283878803253174,0.2726728916168213,0.3808166980743408,4,SC31
AutoETS,-0.5028425298649023,-0.4862101231090445,0.2407875061035156,0.2181811332702636,0.2649183273315429,5,SC31
PatchTST,-0.5037692725233969,-0.4694996147362357,0.1744873523712158,0.0939433574676513,135.01667952537537,10,SC31
Chronos[autogluon__chronos-bolt-small],-0.5258262154615705,-0.4293153993981771,2.35894513130188,0.0343785285949707,2.0253167152404785,7,SC31
DirectTabular,-0.5321381272422842,-0.5369919881150884,0.0704803466796875,0.0943922996520996,1.0522844791412354,3,SC31
RecursiveTabular,-0.556812523777395,-0.5399536800444267,0.0476303100585937,0.0730867385864257,1.5588061809539795,2,SC31
Naive,-0.5605212239098168,-0.5003440577767858,0.0926084518432617,0.112668752670288,0.2005355358123779,1,SC31
TemporalFusionTransformer,-0.5996019514528571,-0.5131168914742192,0.2739512920379638,0.0620374679565429,90.57056760787964,8,SC31
AutoARIMA,-0.6308209881724924,-0.5859629404729391,29.81121945381165,32.99728965759277,31.866713523864743,6,SC31
DeepAR,-0.712717976648319,-0.5931062283339245,0.0831873416900634,0.0565292835235595,57.95212650299072,9,SC31
Naive,-0.2208227170710664,-0.1941146884907019,0.0857117176055908,0.1542191505432129,0.2649340629577636,1,SC32
Chronos[autogluon__chronos-bolt-small],-0.2338884081975815,-0.2583491465229145,1.8762540817260744,0.0329468250274658,1.956860303878784,7,SC32
AutoETS,-0.3125969077700473,-0.4020254793315214,0.3419225215911865,0.2227611541748047,0.2934308052062988,5,SC32
DynamicOptimizedTheta,-0.5607522462435099,-0.500775979947873,0.2030503749847412,0.1627447605133056,0.2378408908843994,4,SC32
AutoARIMA,-0.637960220385593,-0.5935376564486069,33.30631232261658,35.00468564033508,37.423733949661255,6,SC32
RecursiveTabular,-0.7190641404076753,-0.6004543621782628,0.1012783050537109,0.048703908920288,1.8776276111602783,2,SC32
WeightedEnsemble,-1.355484928748924,-0.136218919753213,34.145591020584106,35.56319332122803,1.353179693222046,11,SC32
TemporalFusionTransformer,-1.4155994469021054,-0.6072194738633401,0.2308306694030761,0.0643095970153808,81.20064568519592,8,SC32
PatchTST,-1.7805453821981023,-0.1600107750466807,0.2122015953063964,0.1285302639007568,83.15822458267212,10,SC32
DirectTabular,-2.138651613664524,-2.03255375091261,0.1325767040252685,0.072355031967163,1.2428038120269775,3,SC32
DeepAR,-2.94906157449311,-1.3787837231339406,0.0882091522216796,0.05745530128479,46.76117706298828,9,SC32
TemporalFusionTransformer,-0.4016618225676364,-0.498856077080932,0.1729474067687988,0.0675728321075439,68.47220206260681,8,SC33
WeightedEnsemble,-0.4601993473333974,-0.4066676288933916,34.46342968940735,34.640214681625366,0.943903923034668,11,SC33
DynamicOptimizedTheta,-0.473250654740346,-0.4857384863173749,0.1413969993591308,0.2272567749023437,0.2667925357818603,4,SC33
AutoETS,-0.4988883305956986,-0.499753165206546,0.2105073928833007,0.3856186866760254,0.5367031097412109,5,SC33
Chronos[autogluon__chronos-bolt-small],-0.5273358967599064,-0.4254526563089281,1.888000965118408,0.0339541435241699,1.894899606704712,7,SC33
Naive,-0.5323802572133699,-0.4457594058993876,0.0890545845031738,0.1064143180847168,0.1528742313385009,1,SC33
RecursiveTabular,-0.577781958980438,-0.4852645743440688,0.0461976528167724,0.0435602664947509,0.9648323059082032,2,SC33
AutoARIMA,-0.5949544279032246,-0.5240131309887602,31.97492098808289,34.01842951774597,34.0879282951355,6,SC33
DirectTabular,-0.6141355065813965,-0.6015078250445909,0.0713627338409423,0.1433043479919433,1.1893784999847412,3,SC33
PatchTST,-0.8527878186660076,-0.7515107786904429,0.1591510772705078,0.0910792350769043,79.68558549880981,10,SC33
DeepAR,-1.6344631585765064,-1.005121057844396,0.0695517063140869,0.0705790519714355,131.00903844833374,9,SC33
TemporalFusionTransformer,-0.5687174276174349,-0.6882558582198828,0.2265329360961914,0.0654654502868652,76.47907042503357,8,SC41
DynamicOptimizedTheta,-0.6278288320487665,-0.7749063324182652,0.2972168922424316,0.3539493083953857,0.5166621208190918,4,SC41
Naive,-0.6846964059420425,-0.8491739906595887,0.0896492004394531,0.1251850128173828,0.1510374546051025,1,SC41
WeightedEnsemble,-0.6977874000655969,-0.6412905443453473,2.344614028930664,0.5702435970306396,0.9026358127593994,11,SC41
AutoETS,-0.7130933728646928,-0.7816276792085375,0.1988570690155029,0.1962256431579589,0.3707072734832763,5,SC41
Chronos[autogluon__chronos-bolt-small],-0.7224822657645003,-0.7472843011332899,1.663097858428955,0.0332827568054199,1.9358735084533687,7,SC41
RecursiveTabular,-0.770525073246027,-0.9996439363366498,0.0493602752685546,0.0473940372467041,1.1206364631652832,2,SC41
AutoARIMA,-0.8790637269419795,-0.9606098459183062,31.61919665336609,32.476717710494995,34.31171178817749,6,SC41
DirectTabular,-0.9540964723084258,-0.8123818603751423,0.1311182975769043,0.1490426063537597,2.925081491470337,3,SC41
PatchTST,-1.13114394727823,-0.7003686937087068,0.0564122200012207,0.0746440887451171,75.2762804031372,10,SC41
DeepAR,-1.4695242694776858,-0.9694006831163366,0.0654611587524414,0.0515830516815185,113.98397588729858,9,SC41
PatchTST,-0.5902919040764305,-0.6223640960527148,0.1049938201904296,0.0790140628814697,92.13577508926392,10,SC42
WeightedEnsemble,-0.6167913475528333,-0.6002014207028392,33.560500621795654,33.04671621322632,1.113514423370361,11,SC42
DynamicOptimizedTheta,-0.6390033973270633,-0.785398768118444,0.2115950584411621,0.1606087684631347,0.2252416610717773,4,SC42
AutoETS,-0.6804443910990425,-0.8275454692839784,0.2154877185821533,0.3170304298400879,0.3572602272033691,5,SC42
Naive,-0.7380020022952529,-0.8388646133033395,0.1167633533477783,0.0848944187164306,0.1472828388214111,1,SC42
RecursiveTabular,-0.7516925970228839,-0.9173624449115388,0.0475537776947021,0.0438716411590576,0.9639339447021484,2,SC42
Chronos[autogluon__chronos-bolt-small],-0.7886897701625398,-0.8499895337892784,2.245607614517212,0.0208854675292968,1.7341079711914062,7,SC42
DirectTabular,-0.8698014347570667,-0.8499751932294577,0.0913307666778564,0.0641188621520996,1.1903390884399414,3,SC42
AutoARIMA,-0.8726145524026466,-1.027713330302392,33.03781771659851,32.76992702484131,35.28194642066956,6,SC42
TemporalFusionTransformer,-1.0803285229479098,-0.7053650566265257,0.2489762306213379,0.0690090656280517,89.7892951965332,8,SC42
DeepAR,-2.0399639324014456,-1.103335342340556,0.1082634925842285,0.0520615577697753,129.454496383667,9,SC42
WeightedEnsemble,-0.6743316641537107,-0.6806123582770478,0.6497032642364502,0.4042210578918457,0.9241304397583008,11,SC43
DynamicOptimizedTheta,-0.7192421359456439,-0.8692105466492313,0.2470154762268066,0.175006628036499,0.2639968395233154,4,SC43
AutoETS,-0.8151084664393228,-0.8504909827288449,0.2001876831054687,0.1982648372650146,0.2638888359069824,5,SC43
RecursiveTabular,-0.825532362285514,-0.9863515448084884,0.0482795238494873,0.0422232151031494,0.9762675762176514,2,SC43
TemporalFusionTransformer,-0.8351782878996313,-0.7514936219401857,0.1870629787445068,0.0627520084381103,71.14883399009705,8,SC43
Naive,-0.8773894536982084,-0.9364330421345516,0.0898778438568115,0.0852689743041992,0.1486549377441406,1,SC43
AutoARIMA,-0.9210757731138128,-1.0259321660319514,36.0069625377655,32.63171625137329,34.175493240356445,6,SC43
Chronos[autogluon__chronos-bolt-small],-0.9345308131912764,-0.8597442874244625,1.9117023944854736,0.0365800857543945,1.895472526550293,7,SC43
PatchTST,-1.1420770206232886,-0.7814930284465629,0.1708743572235107,0.0940725803375244,38.22164058685303,10,SC43
DirectTabular,-1.2802456151806,-0.8744288460482503,0.0796523094177246,0.0634005069732666,1.0778939723968506,3,SC43
DeepAR,-1.4155284864037951,-0.9686529128411224,0.0840654373168945,0.0491316318511962,71.21318125724792,9,SC43
TemporalFusionTransformer,-0.5343486648766388,-0.8079509937701919,0.1546785831451416,0.0620989799499511,99.8870644569397,8,SC44
DeepAR,-0.6914856878371421,-0.7602475745824118,0.0665760040283203,0.0564100742340087,172.28471446037292,9,SC44
WeightedEnsemble,-0.76628919022924,-0.6114839279002686,34.07851243019104,32.14723014831543,0.916473150253296,11,SC44
PatchTST,-0.7753639710256617,-0.6457802529016541,0.1110866069793701,0.0759973526000976,66.76404285430908,10,SC44
DynamicOptimizedTheta,-0.8240817391342633,-0.7715569946266208,0.2536375522613525,0.2315731048583984,0.4932820796966553,4,SC44
RecursiveTabular,-0.8779512233578441,-1.008075573513237,0.0472726821899414,0.0471894741058349,0.9793057441711426,2,SC44
AutoETS,-0.9267025894072488,-0.762158127080929,0.231959581375122,0.2900440692901611,0.4527232646942138,5,SC44
AutoARIMA,-0.9287505853842034,-0.9401324158490864,31.87647533416748,31.779885053634644,30.401111602783203,6,SC44
Naive,-0.981678558337213,-0.7877681678445119,0.0923261642456054,0.0861778259277343,0.1494154930114746,1,SC44
Chronos[autogluon__chronos-bolt-small],-1.166208273282951,-0.7222296659775169,1.833770751953125,0.05977463722229,2.352325916290283,7,SC44
DirectTabular,-1.1758517569588975,-0.9543354881747604,0.0761239528656005,0.0857491493225097,1.390773057937622,3,SC44
WeightedEnsemble,-0.5496341187947071,-0.5643447943508082,36.161518812179565,34.488388776779175,0.936227798461914,11,SC51
AutoETS,-0.5748519440280304,-1.5012792115136024,0.2098209857940673,0.200507640838623,0.2641940116882324,5,SC51
DynamicOptimizedTheta,-0.6049453262817848,-1.3091533136439757,0.1391630172729492,0.1404545307159423,0.285322904586792,4,SC51
Naive,-0.6082018405822981,-0.6828807913680695,0.0989120006561279,0.0865709781646728,0.1460709571838379,1,SC51
RecursiveTabular,-0.6277076589932991,-0.6949557989104312,0.0456757545471191,0.0419864654541015,1.0146198272705078,2,SC51
AutoARIMA,-0.7298249403874283,-1.718553407370962,33.783233404159546,34.04658222198486,35.47361350059509,6,SC51
PatchTST,-0.7928640546753595,-0.6561083493832665,0.105677843093872,0.0967466831207275,66.31544852256775,10,SC51
Chronos[autogluon__chronos-bolt-small],-0.9312436890834686,-1.527072324488945,1.8320879936218264,0.037247896194458,1.9544332027435305,7,SC51
DeepAR,-2.3171543280629354,-1.0744621426469638,0.0762195587158203,0.0545299053192138,69.66652369499207,9,SC51
TemporalFusionTransformer,-2.7388636550327567,-1.5338262609045152,0.1783223152160644,0.1030993461608886,91.3595769405365,8,SC51
DirectTabular,-3.1338458080459803,-3.713562861808783,0.1112182140350341,0.0761551856994628,1.998363018035889,3,SC51
WeightedEnsemble,-0.8207630946429622,-0.6906828837420463,0.2922513484954834,0.1427953243255615,0.9475901126861572,11,SC53
AutoETS,-0.8487828025579823,-1.2752784971689677,0.3069074153900146,0.2335731983184814,0.2655782699584961,5,SC53
Naive,-0.8607179645801779,-0.9196274457314496,0.0858509540557861,0.0853312015533447,0.1471614837646484,1,SC53
PatchTST,-0.8875853780787994,-0.6977023266603342,0.1040315628051757,0.0768594741821289,96.68042087554932,10,SC53
RecursiveTabular,-0.9002977871604625,-0.9338081272374288,0.0424556732177734,0.0722007751464843,1.3521697521209717,2,SC53
DynamicOptimizedTheta,-0.9503844204358306,-1.1987436642051712,0.1776447296142578,0.1355724334716797,0.1955838203430175,4,SC53
AutoARIMA,-0.971020076713969,-1.4668630419177044,28.59230613708496,28.54079031944275,30.988187313079838,6,SC53
Chronos[autogluon__chronos-bolt-small],-1.0744065361938968,-1.5617184022842878,1.7404582500457764,0.0347781181335449,1.88428807258606,7,SC53
DeepAR,-1.1214554088083029,-0.910241165077554,0.0659205913543701,0.0691704750061035,73.92709398269653,9,SC53
TemporalFusionTransformer,-1.7467577161290035,-0.9525325365151164,0.1866858005523681,0.0659358501434326,77.99041199684143,8,SC53
DirectTabular,-3.270039770934797,-3.910110339842862,0.0858311653137207,0.0856406688690185,2.2410731315612797,3,SC53
WeightedEnsemble,-0.5218853948508495,-0.5606110108307856,2.6752736568450928,0.2913346290588379,0.9359622001647948,11,SC54
PatchTST,-0.563736110627796,-0.5946453803748939,0.1025388240814209,0.0908560752868652,64.92882704734802,10,SC54
DynamicOptimizedTheta,-0.6192775449536428,-1.6583156756342723,0.1400156021118164,0.1229445934295654,0.2699325084686279,4,SC54
AutoETS,-0.6305962444729368,-2.017822004097322,0.2131097316741943,0.2106118202209472,0.2680990695953369,5,SC54
Naive,-0.6661557389645606,-0.7399694322621766,0.1138455867767334,0.0865828990936279,0.1488840579986572,1,SC54
RecursiveTabular,-0.6818042678592748,-0.776135591873863,0.0472304821014404,0.0416607856750488,0.9577667713165284,2,SC54
AutoARIMA,-0.7660114734426946,-2.6622621909376365,29.476651668548584,28.08205533027649,36.3996958732605,6,SC54
TemporalFusionTransformer,-1.0210193876490588,-0.8894479014081624,0.1225194931030273,0.0637176036834716,78.69677829742432,8,SC54
Chronos[autogluon__chronos-bolt-small],-1.1287680205397037,-1.916925796975041,2.3331000804901123,0.050178050994873,1.9575934410095213,7,SC54
DeepAR,-3.4404333020899176,-3.9497017155344896,0.0691139698028564,0.0552365779876709,61.73401641845703,9,SC54
DirectTabular,-3.934163735891888,-4.392208332100615,0.0760011672973632,0.0633537769317627,1.1272640228271484,3,SC54
DeepAR,-0.7048968121782594,-0.8040749785921002,0.0702869892120361,0.0533459186553955,159.19427704811096,9,SC61
PatchTST,-0.7051255721101993,-0.7983064838810229,0.185560941696167,0.0911672115325927,104.76058387756348,10,SC61
TemporalFusionTransformer,-0.7216261061517504,-0.8840256748774643,0.2102420330047607,0.0629398822784423,93.25921201705933,8,SC61
WeightedEnsemble,-0.7336345468871316,-0.7488392057866251,2.334502935409546,0.3740596771240234,0.9086134433746338,11,SC61
RecursiveTabular,-0.7799021313650452,-1.2119819693611855,0.048431396484375,0.043215274810791,0.9988112449645996,2,SC61
DynamicOptimizedTheta,-0.7825676198234596,-0.9733241628799256,0.2412850856781005,0.1950585842132568,0.3253464698791504,4,SC61
AutoETS,-0.824003546041481,-0.8551816681747659,0.1991147994995117,0.1946275234222412,0.2611052989959717,5,SC61
DirectTabular,-0.8296709426296446,-0.924486837756154,0.072277545928955,0.0686290264129638,1.1069481372833252,3,SC61
AutoARIMA,-0.8963345924502455,-1.020025166201266,33.254575967788696,30.04545426368713,31.4299738407135,6,SC61
Naive,-0.8967742204617986,-0.8839305445062109,0.1111578941345214,0.0842406749725341,0.1509735584259033,1,SC61
Chronos[autogluon__chronos-bolt-small],-0.9159667338696618,-0.8230782183026746,1.8760788440704343,0.0349190235137939,1.86995267868042,7,SC61
DynamicOptimizedTheta,-1.128007438296788,-1.5541949018658463,0.419626235961914,0.3122358322143554,0.5269131660461426,4,SC62
AutoETS,-1.174992235378415,-1.5486988369644838,0.2164008617401123,0.2046554088592529,0.2693078517913818,5,SC62
WeightedEnsemble,-1.1858075848652454,-1.4551639590909575,32.74532651901245,28.14988803863525,1.187106370925903,11,SC62
Chronos[autogluon__chronos-bolt-small],-1.1944521373865546,-1.5335427023183068,2.006594657897949,0.0403082370758056,1.8909132480621336,7,SC62
Naive,-1.2344503259977744,-1.6539869074350777,0.0880684852600097,0.0837316513061523,0.1433901786804199,1,SC62
AutoARIMA,-1.2758678976916271,-1.5991547461909468,30.33896422386169,27.857654571533203,34.41408562660217,6,SC62
PatchTST,-1.386978404031127,-1.640222065574395,0.1313605308532714,0.0949337482452392,43.916912317276,10,SC62
TemporalFusionTransformer,-1.3899914498589,-1.6181226746164523,0.2160782814025879,0.0876107215881347,64.75866150856018,8,SC62
RecursiveTabular,-1.423979464126513,-1.5518365342683635,0.0571002960205078,0.0513293743133544,1.1531059741973877,2,SC62
DirectTabular,-1.426184502706261,-1.6187720175648683,0.1062929630279541,0.0655553340911865,1.0248394012451172,3,SC62
DeepAR,-1.4310913614312366,-1.6087978561677252,0.1427638530731201,0.0513088703155517,80.82638144493103,9,SC62
WeightedEnsemble,-0.540956419697608,-0.7475779833555893,0.7604413032531738,0.5588858127593994,0.9749312400817872,11,SC63
Naive,-0.6117585960541256,-0.789554637498592,0.0963959693908691,0.1037776470184326,0.2084395885467529,1,SC63
AutoETS,-0.6549611705753436,-0.855257601945943,0.2103867530822754,0.200402021408081,0.2648904323577881,5,SC63
DeepAR,-0.699310577768805,-1.1471086669389992,0.0823171138763427,0.0514063835144043,148.29857540130615,9,SC63
DynamicOptimizedTheta,-0.7147139785096117,-0.9904960104720556,0.2466912269592285,0.2228057384490966,0.2819521427154541,4,SC63
Chronos[autogluon__chronos-bolt-small],-0.7502685971874539,-0.8157104675277437,1.8731780052185056,0.0328609943389892,1.88272762298584,7,SC63
PatchTST,-0.751078888754509,-0.8846737991263975,0.1893165111541748,0.1056904792785644,64.4991807937622,10,SC63
TemporalFusionTransformer,-0.7793334863501137,-0.9770305535936415,0.1789889335632324,0.0645427703857421,86.50308275222778,8,SC63
AutoARIMA,-0.8388006466928039,-1.2121060088209754,35.519020080566406,31.411475658416748,33.15247416496277,6,SC63
DirectTabular,-0.8676398691066873,-1.0312198467318754,0.0746510028839111,0.0788698196411132,1.181347131729126,3,SC63
RecursiveTabular,-0.9827608780660272,-1.0518645563958429,0.0772888660430908,0.0844728946685791,1.830963373184204,2,SC63
DynamicOptimizedTheta,-0.4665539657436379,-1.7391235670296517,0.1367042064666748,0.1309664249420166,0.5910820960998535,4,SC64
WeightedEnsemble,-0.4709011485780985,-0.4842458238454323,25.08812141418457,20.485929012298584,0.9188122749328612,11,SC64
PatchTST,-0.4756879380913346,-0.5258036990795627,0.1086213588714599,0.0749807357788086,103.42483401298524,10,SC64
Naive,-0.5150711425043666,-0.6299413369624915,0.0949814319610595,0.0914990901947021,0.1654257774353027,1,SC64
RecursiveTabular,-0.6437528046000782,-0.6464627470623022,0.0449352264404296,0.0430922508239746,0.9552879333496094,2,SC64
AutoETS,-0.8118175923482425,-2.9651226951003973,0.2029697895050048,0.2070152759552002,0.2933773994445801,5,SC64
Chronos[autogluon__chronos-bolt-small],-1.2270362555314216,-1.354381608098903,1.8651623725891116,0.0360167026519775,1.8952150344848635,7,SC64
AutoARIMA,-1.747229484214188,-3.045674820889939,22.765671491622925,20.05866765975952,28.62928533554077,6,SC64
DeepAR,-2.7131121256470943,-1.4022035526494463,0.0658786296844482,0.050706148147583,54.26648712158203,9,SC64
DirectTabular,-3.5617686574308403,-3.545697694057923,0.0676817893981933,0.0642461776733398,1.0282409191131592,3,SC64
TemporalFusionTransformer,-5.801423112436023,-3.515942146271314,0.1589114665985107,0.062105655670166,126.23453974723816,8,SC64
DirectTabular,-0.4661818114369948,-1.150244329059941,0.095261812210083,0.0664834976196289,1.0536370277404783,3,SC71
DynamicOptimizedTheta,-0.5000879041323996,-0.6233473536887779,0.1399564743041992,0.1571648120880127,0.2003765106201172,4,SC71
AutoETS,-0.5169027210543539,-0.5325475730206886,0.2023420333862304,0.1986711025238037,0.2597787380218506,5,SC71
Naive,-0.5284297758672435,-0.5636400015071623,0.1507778167724609,0.0881245136260986,0.1453421115875244,1,SC71
Chronos[autogluon__chronos-bolt-small],-0.6171910855819356,-0.5265873520651534,2.36405873298645,0.0350441932678222,1.8891351222991943,7,SC71
WeightedEnsemble,-0.7442148387227498,-0.4343329010538853,2.9907219409942627,0.5314617156982422,0.9306313991546632,11,SC71
AutoARIMA,-0.7708574990692131,-0.9094589126883844,37.759541034698486,33.16562604904175,35.980318784713745,6,SC71
DeepAR,-0.8883155968313713,-0.4580042740332108,0.1357462406158447,0.0502212047576904,64.55025029182434,9,SC71
PatchTST,-0.9078210161769582,-0.483169582002644,0.141228437423706,0.090360403060913,156.70552229881287,10,SC71
RecursiveTabular,-0.9885508107633966,-0.7519655806447878,0.0468056201934814,0.0477015972137451,0.9664642810821532,2,SC71
TemporalFusionTransformer,-1.482436920701395,-0.6227946174651339,0.2647180557250976,0.0743045806884765,118.91115736961363,8,SC71
DeepAR,-1.126474844901873,-1.2782400027017862,0.0647659301757812,0.0513167381286621,165.80514216423035,9,SC72
Naive,-1.2672667721864022,-1.3134769369598285,0.0895524024963378,0.0863981246948242,0.1506102085113525,1,SC72
PatchTST,-1.271223995704328,-1.1111061314807746,0.1076195240020752,0.1133420467376709,68.39123940467834,10,SC72
WeightedEnsemble,-1.2860608751021343,-1.0674243551827336,0.659569501876831,0.7155563831329346,1.328325271606445,11,SC72
AutoARIMA,-1.3016357317677296,-1.316426620787463,28.801154136657715,30.77259659767151,33.89888095855713,6,SC72
DynamicOptimizedTheta,-1.3132072315237062,-1.2634714444205415,0.1696665287017822,0.2475357055664062,0.2794804573059082,4,SC72
AutoETS,-1.417480159474049,-1.234848351972555,0.2002706527709961,0.2006514072418213,0.3621859550476074,5,SC72
Chronos[autogluon__chronos-bolt-small],-1.4204622561283289,-1.3663401831128226,1.797149658203125,0.0355899333953857,1.909529447555542,7,SC72
TemporalFusionTransformer,-1.4715710958534345,-1.2233850572079723,0.1523840427398681,0.089923620223999,69.61112713813782,8,SC72
RecursiveTabular,-1.5742486836649765,-1.6182813376780845,0.0531716346740722,0.0445528030395507,1.0292837619781494,2,SC72
DirectTabular,-1.5940941397143653,-1.3194485491511796,0.0880146026611328,0.0676290988922119,1.4209880828857422,3,SC72
Chronos[autogluon__chronos-bolt-small],-0.6022174101172519,-1.008880730590738,2.372605562210083,0.0348007678985595,1.8116931915283203,7,SC73
WeightedEnsemble,-0.628121572849053,-0.937853399566644,2.4472250938415527,0.0997726917266845,0.8942866325378418,11,SC73
Naive,-0.6288826705605942,-1.217307353883586,0.1222138404846191,0.0847835540771484,0.1453759670257568,1,SC73
AutoETS,-0.6774982747438174,-1.1968192487916984,0.2836437225341797,0.1951720714569091,0.2546520233154297,5,SC73
DynamicOptimizedTheta,-0.692680687585581,-1.3174237723399989,0.4984211921691894,0.2363884449005127,0.2026760578155517,4,SC73
PatchTST,-0.7252130946111207,-1.1207105899920815,0.2583880424499511,0.1362054347991943,37.401888847351074,10,SC73
DirectTabular,-0.8299824087049972,-1.053960847031488,0.0723938941955566,0.064971923828125,1.027205467224121,3,SC73
AutoARIMA,-0.8910772879897476,-1.3028074132307452,25.740248441696167,22.78486514091492,27.610828638076782,6,SC73
DeepAR,-0.9130449803563344,-1.750766567225838,0.0762560367584228,0.0522103309631347,101.9272027015686,9,SC73
RecursiveTabular,-0.91593562127635,-1.2261597588758,0.0907425880432128,0.0441577434539794,1.206648588180542,2,SC73
TemporalFusionTransformer,-1.1854247651874257,-1.5235076547109458,0.174142837524414,0.0716969966888427,72.18430495262146,8,SC73
AutoETS,-1.084853243640436,-1.0993529296308977,0.199753999710083,0.2846002578735351,0.3025131225585937,5,SC81
Chronos[autogluon__chronos-bolt-small],-1.0929191809178729,-1.2105314216224128,1.848578691482544,0.0277442932128906,2.1291732788085938,7,SC81
Naive,-1.0994933052274216,-1.121141484606122,0.0845534801483154,0.084756851196289,0.1492178440093994,1,SC81
DynamicOptimizedTheta,-1.1320866929151394,-1.1962761249583989,0.1269094944000244,0.1202890872955322,0.1922211647033691,4,SC81
AutoARIMA,-1.2206678956781585,-1.343497397475893,27.809441089630127,30.9748649597168,33.08894371986389,6,SC81
WeightedEnsemble,-1.32573814552028,-0.9659649016839258,0.5750439167022705,0.552269458770752,0.893867015838623,11,SC81
RecursiveTabular,-1.3986736272760212,-1.610093466396769,0.0478773117065429,0.0413384437561035,0.9182255268096924,2,SC81
DirectTabular,-1.4707333465861236,-0.9976449910445708,0.0777006149291992,0.0716204643249511,1.1004269123077393,3,SC81
PatchTST,-2.207915729684699,-1.0783219308148695,0.1672160625457763,0.0757596492767334,99.91617465019226,10,SC81
DeepAR,-2.4508895035068226,-1.2122672417247031,0.0677075386047363,0.0530996322631835,67.26431083679199,9,SC81
TemporalFusionTransformer,-3.269064390809557,-1.4764193724857266,0.2269043922424316,0.0678973197937011,84.5268189907074,8,SC81
Naive,-0.7911636637117645,-0.9479499266099104,0.0951507091522216,0.0868244171142578,0.1494472026824951,1,SC82
WeightedEnsemble,-0.8465702270303661,-0.7261173607911597,30.524266004562374,33.19568586349487,1.295224905014038,11,SC82
DirectTabular,-0.8736400533134485,-0.8093020760452485,0.1179332733154296,0.0676169395446777,1.047640085220337,3,SC82
DynamicOptimizedTheta,-0.9159512208944336,-0.9797216356125188,0.2260756492614746,0.1743919849395752,0.3221592903137207,4,SC82
PatchTST,-0.9247482697188242,-0.7550668736369339,0.1647439002990722,0.1420505046844482,103.09611892700195,10,SC82
Chronos[autogluon__chronos-bolt-small],-0.9552718267263588,-0.9736047669276796,1.8220579624176023,0.0352463722229003,1.8979852199554443,7,SC82
AutoETS,-0.9615325398367583,-0.937083619764455,0.2165026664733886,0.205090045928955,0.323211669921875,5,SC82
RecursiveTabular,-0.997841610152788,-1.1975122172107708,0.0823688507080078,0.041736364364624,0.9311738014221193,2,SC82
AutoARIMA,-1.1796302648659258,-1.187928340856209,29.91601514816284,32.724802017211914,35.07329750061035,6,SC82
TemporalFusionTransformer,-1.5886714779707458,-0.9237181826850772,0.1888437271118164,0.0646324157714843,85.22637248039246,8,SC82
DeepAR,-2.0201181521410603,-1.3017607587636062,0.0828111171722412,0.058830976486206,76.30004596710205,9,SC82
AutoETS,-0.1816190242808713,-0.4934921819219163,0.1832892894744873,0.2401685714721679,0.4621491432189941,5,SC83
Naive,-0.1831850378337624,-0.1773040439698914,0.072265625,0.0851390361785888,0.1520016193389892,1,SC83
Chronos[autogluon__chronos-bolt-small],-0.2384603106466486,-0.2399398817531537,1.786160230636597,0.0449211597442626,1.892850637435913,7,SC83
WeightedEnsemble,-0.2870061052991957,-0.1485421526499035,0.2621133327484131,0.2381873130798339,0.4902160167694092,11,SC83
RecursiveTabular,-0.3316768350860833,-0.2885693815936023,0.0398046970367431,0.0413916110992431,0.9444329738616944,2,SC83
DynamicOptimizedTheta,-0.3887964057297971,-0.902542811773278,0.1267290115356445,0.1705129146575927,0.2244031429290771,4,SC83
DeepAR,-0.4137948246199618,-0.1947151083045763,0.0558280944824218,0.072718858718872,79.75600409507751,9,SC83
TemporalFusionTransformer,-0.6185482567329237,-0.2891555311533869,0.090440034866333,0.0624597072601318,97.25116491317748,8,SC83
PatchTST,-0.6648751014338737,-0.164287757091995,0.0909481048583984,0.0389378070831298,79.86461758613586,10,SC83
AutoARIMA,-1.0634525588490555,-1.5924894206117506,11.70881724357605,21.955082178115845,33.02000689506531,6,SC83
DirectTabular,-1.213953528556973,-1.4621020292852998,0.0744285583496093,0.0650477409362793,1.095841407775879,3,SC83
